{"cameraMode":{"drawMode":0,"name":"Shaded","section":"Shading Mode"},"sceneLighting":false,"audioPlay":false,"sceneViewState":{"showFog":true,"showMaterialUpdate":false,"showSkybox":false,"showFlares":true,"showImageEffects":true,"showParticleSystems":true,"showVisualEffectGraphs":true,"m_FxEnabled":false},"in2DMode":false,"pivot":{"x":-3.0399999618530275,"y":0.9399999380111694,"z":-0.3140000104904175},"rotation":{"x":-0.2597924470901489,"y":0.10174033045768738,"z":-0.027538688853383066,"w":-0.9599143266677856},"size":2.8613712787628176,"orthographic":false}